"Matricule","Prenom","Nom","ChefAgret","DateNaissance","NumCaserne","CodeGrade","matriculeRespo"
Ma0001,Ludovic,OK,N,1984-11-01,19,SP,Ma0004
Ma0002,Jérémy,AR,N,1973-01-01,5,"1C",Ma0004
Ma0003,Arnaut,ER,N,1985-10-01,19,SP,Ma0004
Ma0004,Thomas,VI,O,1973-01-10,6,In,Ma0004
Ma0005,Patrice,EG,O,1973-02-04,6,CC,Ma0004
Ma0006,Stéphane,BV,O,1974-05-01,19,Sg,Ma0004
Ma0007,Marie,MA,N,1979-01-01,19,Ca,Ma0004
Ma0008,Maxence,MI,N,1985-01-01,19,SP,Ma0004
Ma0009,Max,MI,N,1985-01-01,19,SP,Ma0004
Ma0010,coucou,DUPOND,N,1985-01-01,19,SP,Ma0004
Ma0011,coucou2,DUPONT,N,1985-01-01,19,SP,Ma0004
Ma0022,Phillipp,Garn,N,1976-09-24,8,CC,Ma0007
Ma0025,Thaddeus,Sapshed,O,1989-12-24,5,Ma,Ma0002
Ma0151,Maximilian,Westcott,N,1990-09-05,7,In,Ma0007
Ma0193,Dorri,Zmitruk,N,1983-11-13,7,Ca,Ma0007
Ma0218,Tibold,Marcombe,O,1971-08-22,19,SP,Ma0002
Ma0228,Felecia,Hollyland,N,1982-02-05,5,AC,Ma0002
Ma0374,Michel,Jochanany,N,1970-10-23,5,"1C",Ma0002
Ma0505,Debera,Alder,N,1977-12-05,8,SC,Ma0002
Ma0577,Olive,O'Doghesty,O,1982-11-25,8,"1C",Ma0002
Ma0654,Wally,Mitchard,N,1990-02-15,6,In,Ma0002
Ma0739,Ardelia,Mansel,O,1976-08-12,5,Sg,Ma0007
Ma0885,Alyss,Ritson,O,1980-08-23,8,Ca,Ma0007
Ma1016,Fields,Lamboll,O,1976-03-09,5,"1C",Ma0007
Ma1024,Neilla,Critchell,N,1990-02-03,8,AC,Ma0007
Ma1454,Asher,Pollen,N,1981-11-29,6,Ad,Ma0002
Ma1473,Rupert,Everly,O,1989-03-21,6,Ct,Ma0007
Ma1507,Barton,Szimon,N,1976-01-21,6,Sg,Ma0007
Ma1592,Darlleen,Olerenshaw,O,1987-06-13,19,SP,Ma0007
Ma1689,Averil,Readwood,O,1975-04-06,7,Ma,Ma0007
Ma1850,Chery,Sotheby,O,1990-05-31,8,AC,Ma0002
Ma1862,Arv,Renshall,N,1978-09-12,8,Ct,Ma0002
Ma1935,Brianna,Gritskov,N,1988-01-07,6,"1C",Ma0002
Ma2013,Alameda,Chuck,N,1970-06-19,7,Ma,Ma0007
Ma2130,Hatty,Tunbridge,N,1971-06-10,5,Ad,Ma0007
Ma2263,Felecia,Coneau,O,1972-07-22,5,Ct,Ma0002
Ma2299,Carina,Chainey,N,1979-01-19,7,"1C",Ma0002
Ma2334,Adelaida,McIlmurray,N,1983-02-07,5,Ad,Ma0002
Ma2554,Clementia,Noto,N,1989-08-16,6,"1C",Ma0007
Ma2790,Piggy,Piggott,O,1980-09-29,19,Ct,Ma0007
Ma2825,Gena,De Ortega,N,1977-08-17,7,AC,Ma0007
Ma2934,Brig,D'Adda,O,1979-08-20,6,Sg,Ma0002
Ma3018,Bernadina,Berr,N,1971-11-10,19,Lt,Ma0007
Ma3057,Willy,Crumpton,N,1974-03-28,8,Ca,Ma0007
Ma3275,Norry,Brunini,O,1989-03-28,19,CC,Ma0002
Ma3483,Alleyn,MacHarg,N,1982-06-17,8,Ad,Ma0002
Ma3597,Reginauld,Hallbord,N,1981-12-21,19,AC,Ma0007
Ma3683,Christine,Gornal,N,1970-11-14,8,SC,Ma0007
Ma3849,Alonzo,Pay,O,1988-08-24,5,Ca,Ma0007
Ma3887,Jillane,Renoden,N,1978-11-11,19,CC,Ma0007
Ma3906,Arlin,Biskupek,N,1988-04-01,6,"1C",Ma0007
Ma4350,Cristi,Stockdale,O,1975-10-25,6,CC,Ma0007
Ma4603,Chrotoem,Vero,N,1981-01-30,7,Lt,Ma0002
Ma4883,Marrissa,Clayal,O,1986-10-29,7,SC,Ma0002
Ma4895,Chucho,Gillmor,N,1980-05-14,19,AC,Ma0002
Ma5046,Margaux,Grogona,O,1970-03-13,8,Lt,Ma0007
Ma5065,Barnard,Chaffey,O,1978-12-27,19,Ma,Ma0007
Ma5081,Lily,Gyppes,N,1981-04-19,6,CC,Ma0002
Ma5112,Viola,Treweke,O,1981-08-14,8,Ct,Ma0002
Ma5241,Mallorie,Edworthie,O,1971-01-23,8,SC,Ma0002
Ma5303,Quint,Sturridge,N,1972-01-01,6,Ma,Ma0007
Ma5346,Bonnie,Cavanagh,N,1983-09-30,19,In,Ma0002
Ma5378,Erminie,McLarens,O,1988-06-25,8,Lt,Ma0007
Ma5499,Muire,Conneely,N,1979-07-02,6,Ad,Ma0002
Ma5574,Vivianne,Hethron,O,1989-05-12,6,CC,Ma0002
Ma5894,Sergeant,Woolard,N,1982-05-01,8,Ct,Ma0002
Ma6104,Michael,Biddy,O,1984-07-31,7,"1C",Ma0002
Ma6273,Man,Ruhben,O,1981-09-11,8,Ma,Ma0002
Ma6364,Welch,Mothersole,O,1972-05-26,8,Ct,Ma0002
Ma6645,Kippy,Kaliszewski,N,1980-02-25,5,Lt,Ma0007
Ma6665,Elonore,Twaite,N,1978-01-19,7,SP,Ma0002
Ma6681,Aurelie,Cheale,N,1981-04-21,5,Sg,Ma0007
Ma6932,Gilberto,Kempstone,O,1976-06-27,7,Lt,Ma0007
Ma7172,Lorry,Norridge,O,1976-08-28,8,In,Ma0007
Ma7251,Noam,Espinal,O,1976-02-17,5,In,Ma0002
Ma7281,Marrilee,Stoyles,O,1986-08-15,8,AC,Ma0002
Ma7323,Giulio,Newarte,N,1982-06-08,6,Ma,Ma0007
Ma7395,Royce,Dymond,N,1990-07-14,6,Lt,Ma0002
Ma7445,Gian,Spiniello,O,1989-12-24,19,"1C",Ma0007
Ma7564,Sharlene,Emby,O,1982-11-22,5,SC,Ma0007
Ma7666,Janel,Blythe,N,1970-05-15,6,In,Ma0007
Ma7772,Karole,Gilhouley,N,1975-05-13,7,Ma,Ma0007
Ma7783,Colly,Sager,N,1981-01-18,6,AC,Ma0002
Ma7827,Aldin,Sculley,N,1975-11-27,6,Ct,Ma0002
Ma8031,Rey,Axel,O,1979-05-13,7,Lt,Ma0002
Ma8094,Skell,Gever,O,1971-02-16,6,SC,Ma0007
Ma8158,Wandis,Bertelmot,N,1980-02-03,7,Lt,Ma0002
Ma8294,Winna,Rigmand,O,1986-03-19,6,In,Ma0002
Ma8365,Drud,Sygrove,O,1985-11-11,7,CC,Ma0002
Ma8405,Alissa,Bumford,O,1990-01-15,8,Ca,Ma0002
Ma8428,Emmet,Franzonetti,O,1989-10-28,6,CC,Ma0007
Ma8471,Ad,Woodhouse,N,1980-02-11,6,Ad,Ma0002
Ma8566,Laurene,Todd,O,1975-06-15,8,Ct,Ma0002
Ma8595,Joella,McCollum,O,1978-04-22,5,"1C",Ma0002
Ma8621,Stace,Benka,O,1990-05-23,8,Ct,Ma0007
Ma8719,Ricky,Tchir,N,1986-10-22,8,"1C",Ma0007
Ma8761,Meredeth,Gutteridge,N,1990-06-17,8,Ct,Ma0002
Ma9111,Urbano,Baldin,N,1977-09-22,5,Ct,Ma0002
Ma9113,Delano,Farron,N,1990-03-15,19,AC,Ma0007
Ma9149,Elissa,Beckingham,O,1989-01-01,6,Ad,Ma0002
Ma9168,Shena,Chamberlayne,O,1984-12-01,19,SC,Ma0002
Ma9238,Jorrie,Collis,N,1980-10-13,7,In,Ma0007
Ma9259,Tades,Binny,N,1990-05-14,5,Ad,Ma0007
Ma9282,Duffie,Ruddick,O,1984-05-02,7,Ma,Ma0007
Ma9465,Sanford,Tolputt,O,1986-08-03,6,AC,Ma0002
Ma9659,Sterling,Reace,O,1975-08-28,5,Ca,Ma0007
Ma9675,Stewart,Julian,N,1974-12-08,7,"1C",Ma0002
Ma9784,Hortense,Breming,N,1973-02-10,8,Ma,Ma0002
